Name,ID,Label,Group
Jaune,1,Jaune,Master
Ruby,2,Ruby,Maid
Weiss,3,Weiss,Maid
Blake,4,Blake,Maid
Yang,5,Yang,Maid
Pyrrha,6,Pyrrha,Maid
Nora,7,Nora,Maid
Glynda,8,Glynda,Head Maid
Winter,9,Winter,Other
Saphron,10,Saphron,Other
Zwei,11,Zwei,Other